"(21, 0.04348342296748732)","(580, 0.04274558783060792)","(276, 0.04259204193909843)","(578, 0.04256841276547682)","(579, 0.04232224245752908)","(587, 0.04161451486354299)","(268, 0.041083885516480546)","(278, 0.04098187190749438)","(588, 0.040965092623248225)","(269, 0.040736144472184876)","(277, 0.04033138073885554)","(581, 0.03980397999874516)","(589, 0.039313538657437065)","(585, 0.03922191675249276)","(29, 0.03903903071586657)","(274, 0.038808227707348195)","(279, 0.038792414712779874)","(16, 0.03866633996295445)","(275, 0.03864490240279421)","(18, 0.03822603861740892)","(586, 0.03814544810847531)","(5, 0.038136453169273124)","(583, 0.03801474935944705)","(569, 0.03797463152100771)","(13, 0.0379333363987818)","(584, 0.03741311218879762)","(3, 0.03732572687657009)","(10, 0.03718299617498917)","(19, 0.03707387506348454)","(12, 0.03706841222363927)","(9, 0.036776664988956285)","(251, 0.03657171791595744)","(582, 0.035810322660411606)","(7, 0.035590356660650274)","(4, 0.03550121783816523)","(574, 0.03541657725064268)","(563, 0.035259267049811804)","(562, 0.03508980082256717)","(270, 0.03494492496860304)","(561, 0.034761911126830115)","(250, 0.034748010671163294)","(24, 0.03463613065085137)","(267, 0.03458266942866778)","(14, 0.03424438311556129)","(571, 0.03421318358322698)","(567, 0.033955763729711104)","(11, 0.03381560930191931)","(560, 0.033774826941714874)","(564, 0.033760373492848064)","(565, 0.03369442479618695)","(264, 0.03367883865318135)","(575, 0.033678595713427024)","(31, 0.033666013869490544)","(566, 0.03365548009870051)","(20, 0.033650131198055294)","(6, 0.03355080642186934)","(573, 0.03354378007609682)","(28, 0.033487782963919)","(2, 0.033156582473160494)","(273, 0.03308077297531331)","(27, 0.033053145637436686)","(568, 0.03297680434742417)","(570, 0.03275163979786195)","(249, 0.032589979269771883)","(1, 0.0325567634067763)","(559, 0.032114794332525017)","(23, 0.03178256667614082)","(15, 0.03165568871994958)","(257, 0.031651460938592876)","(26, 0.03164601350843785)","(22, 0.03147872466959502)","(253, 0.03144124821359185)","(8, 0.03141059314042065)","(30, 0.031092677812944065)","(572, 0.030685812466927125)","(271, 0.030357478877940065)","(261, 0.03010414147434873)","(256, 0.029743990987858886)","(577, 0.029587675338281213)","(259, 0.02953592955342672)","(576, 0.02952256896328944)","(17, 0.029172686219207565)","(25, 0.028935819558900646)","(255, 0.028701940476481048)","(266, 0.027427017184266347)","(272, 0.02698469275248214)","(263, 0.026959202371808842)","(260, 0.02659140296585029)","(252, 0.02648674942323125)","(258, 0.026408823873371293)","(254, 0.02529412580382259)","(262, 0.023880231542238284)","(265, 0.023129498180947606)"
"(273, 0.03230837607256318)","(258, 0.03187935157294678)","(263, 0.03033166484406601)","(275, 0.029522994050532277)","(277, 0.02741231903371283)","(253, 0.027390619438243734)","(256, 0.02679649725738543)","(255, 0.026235098913562637)","(268, 0.02576367805225677)","(262, 0.025151339071343422)","(265, 0.025120774186556775)","(254, 0.025039965678569195)","(252, 0.0250159849213134)","(271, 0.024907719002393403)","(260, 0.024823651642701238)","(266, 0.024804374847338925)","(274, 0.023019192586603156)","(279, 0.022110686527758668)","(250, 0.020604425705049598)","(257, 0.019566767292567497)","(261, 0.018429926330808515)","(267, 0.01801848025794348)","(586, 0.01718356950455972)","(278, 0.01693984864569768)","(588, 0.01631347016667111)","(584, 0.015930697530163806)","(251, 0.015524494570740396)","(559, 0.015373352953119665)","(576, 0.015234684982231505)","(564, 0.014825710866708868)","(249, 0.01480514552539931)","(264, 0.014682306387665666)","(581, 0.01454329372036162)","(4, 0.014461133606865833)","(259, 0.013531267212456217)","(585, 0.013410061881911147)","(276, 0.01333189796994242)","(269, 0.013056083860392257)","(30, 0.012779679628658702)","(577, 0.011854733393751512)","(580, 0.011657515242998526)","(582, 0.011428761901908162)","(1, 0.011131607199105208)","(12, 0.010870567143154932)","(579, 0.010602692120228787)","(569, 0.010600765902721646)","(21, 0.010493037275389697)","(568, 0.010447848836735997)","(15, 0.01043887552249068)","(578, 0.010033354976125671)","(575, 0.009924850484713445)","(587, 0.009826171156138628)","(560, 0.00969599168593694)","(272, 0.009478696776565073)","(567, 0.00931853241101505)","(2, 0.009122686128061218)","(589, 0.008819003533688627)","(565, 0.008698178730875611)","(31, 0.008360979624407022)","(6, 0.008304774271859381)","(29, 0.00821100873360757)","(583, 0.008210795779824151)","(7, 0.008111469759874949)","(270, 0.008075723367164974)","(23, 0.007978327133422867)","(561, 0.007947847196276801)","(20, 0.007847924501187655)","(572, 0.007556756498010287)","(16, 0.007288111491911168)","(562, 0.00718079394551275)","(574, 0.0071661219915273855)","(571, 0.0070933568946776855)","(11, 0.006202962422570733)","(14, 0.0061254889569481346)","(3, 0.005854409906114583)","(563, 0.005609567302182892)","(9, 0.005312496187016953)","(570, 0.004684148592937499)","(5, 0.0044436719095869055)","(19, 0.0044157561405511565)","(573, 0.004029478138754588)","(22, 0.004015901683923014)","(566, 0.004006644392558106)","(24, 0.003218992637105773)","(26, 0.002966024336494859)","(8, 0.002887836098785197)","(13, 0.00228689425923607)","(17, 0.0022525804616375135)","(10, 0.0022142302802444676)","(25, 0.0017362342089854812)","(27, 0.0009430000114482664)","(18, 0.0003850729312594874)","(28, 0.0)"
"(7, 0.035390914795687366)","(257, 0.03516153830046066)","(5, 0.0347820383398863)","(567, 0.029253751176002915)","(261, 0.02853388466916847)","(565, 0.027711577239263787)","(249, 0.027702017843050885)","(13, 0.02622757576003952)","(18, 0.026061643833846546)","(561, 0.025895156906151028)","(10, 0.025856811165507424)","(253, 0.0238500139446117)","(255, 0.023732309040987012)","(576, 0.022624878119332784)","(262, 0.022489688522831463)","(258, 0.022411988954772158)","(563, 0.02239243387877607)","(251, 0.02201164914050636)","(571, 0.02166051660818411)","(568, 0.02158446854161439)","(252, 0.021200770847392074)","(569, 0.021012389688613953)","(579, 0.020394940266146053)","(21, 0.020123111810400572)","(562, 0.01968773003234383)","(16, 0.01946822312554447)","(263, 0.019146802420197274)","(265, 0.01891358613152743)","(259, 0.01875867197412732)","(560, 0.017873355791396265)","(254, 0.01781051641803075)","(564, 0.017678624198886748)","(3, 0.017536294642164586)","(269, 0.017313169794761527)","(9, 0.017124317604868218)","(566, 0.016826846194145973)","(11, 0.016049219295945525)","(575, 0.015454119872946094)","(8, 0.015111175690694003)","(271, 0.01490374148554467)","(574, 0.014562915717619489)","(573, 0.014411979043041891)","(250, 0.014368555901373458)","(273, 0.013727773023487327)","(559, 0.013174586589074977)","(1, 0.01306938166329889)","(2, 0.01298315239477259)","(264, 0.012937374607330125)","(14, 0.012806549132628825)","(260, 0.012678188175068144)","(25, 0.012528471346008372)","(23, 0.01218084049589436)","(272, 0.012130115886652287)","(572, 0.012128353236111984)","(577, 0.01204788140283386)","(582, 0.012005572623569324)","(256, 0.011863304742515362)","(267, 0.01175222817017617)","(275, 0.011675190604281165)","(31, 0.010935041570538682)","(12, 0.010692681915941608)","(278, 0.01067936034026169)","(588, 0.010671277576441355)","(24, 0.010585918838097506)","(583, 0.01023131669689683)","(584, 0.010199316633583115)","(4, 0.010123423092798896)","(30, 0.010115471538655428)","(270, 0.010093304340321439)","(578, 0.010025166011793134)","(589, 0.009807822745098699)","(580, 0.009620813727339795)","(587, 0.00952837349897653)","(266, 0.00939616530606514)","(6, 0.009352364412652943)","(570, 0.009348429976278964)","(27, 0.009057123285742371)","(581, 0.008244944845409769)","(19, 0.007986752307874411)","(586, 0.007498706138211605)","(274, 0.007217287453630414)","(28, 0.007165387786528644)","(22, 0.006906261925627027)","(26, 0.006562190071026459)","(17, 0.005922374537289022)","(20, 0.004603349620278559)","(277, 0.004526145724865548)","(585, 0.00448982345894261)","(279, 0.004472905958672136)","(15, 0.003896086755727929)","(29, 0.0038402763995426478)","(268, 0.0015310094507779701)","(276, 0.0)"
"(260, 0.02662881367249581)","(276, 0.026014577592396546)","(266, 0.025279110295033994)","(267, 0.02471998532918972)","(270, 0.02357815087815325)","(572, 0.022630278901986118)","(256, 0.021735526099097183)","(562, 0.02127961321719959)","(573, 0.020174713691787083)","(566, 0.020073740713861515)","(8, 0.01995685932193875)","(19, 0.01960822863387201)","(564, 0.019510081373909954)","(17, 0.019258248345458466)","(569, 0.01802504632519238)","(571, 0.017828688717366183)","(575, 0.017522764172135524)","(254, 0.017135720171132563)","(570, 0.016926631689631707)","(264, 0.016807947417540835)","(251, 0.0161349674067315)","(577, 0.016077284413781538)","(255, 0.016062672976945587)","(14, 0.016052459096635635)","(26, 0.015917474302208502)","(272, 0.015749016767574054)","(259, 0.015723424382393224)","(31, 0.01569229817546233)","(560, 0.0154445288049247)","(574, 0.015275852483047147)","(565, 0.014975803418246727)","(271, 0.014711020099931506)","(250, 0.014680666979537974)","(265, 0.014468810488584088)","(28, 0.01434390352130082)","(263, 0.014167039161921968)","(252, 0.013805929582122794)","(567, 0.013658405838422726)","(262, 0.013335078464944933)","(568, 0.012649539277051624)","(29, 0.012586104047644235)","(4, 0.012366241880317637)","(277, 0.01222214888845844)","(563, 0.012101092666365547)","(16, 0.011812688990696632)","(13, 0.011559402253804795)","(6, 0.011517268999411513)","(22, 0.011334467869390144)","(561, 0.010883960864153717)","(20, 0.010538914334963468)","(2, 0.01043709832925797)","(11, 0.01041622949171549)","(576, 0.010403544092464922)","(3, 0.010250695638161672)","(261, 0.01016835860182573)","(559, 0.010111236675747301)","(253, 0.009741332452335145)","(279, 0.00939019834365261)","(23, 0.009128587228392252)","(9, 0.008927508172660591)","(24, 0.008593744610419677)","(25, 0.008580285624908495)","(30, 0.008560723341141978)","(269, 0.008194041440990176)","(258, 0.00794841447029678)","(7, 0.007826891162237462)","(1, 0.007565448762495404)","(249, 0.007440993466416521)","(12, 0.0074081994300233605)","(27, 0.00737358379815728)","(18, 0.006218101900204482)","(10, 0.005860185995814826)","(582, 0.00561396304028052)","(586, 0.005390633757888078)","(589, 0.004751977133439878)","(5, 0.004687352614426041)","(273, 0.004520910283570276)","(275, 0.004425683214000497)","(588, 0.004423026090180863)","(578, 0.003703435592607127)","(268, 0.003391782694598079)","(278, 0.003345300888316238)","(15, 0.0027210212269078646)","(587, 0.002628727058929571)","(580, 0.0025878053988575116)","(585, 0.0022521667623946915)","(583, 0.0022169275409578163)","(584, 0.001964347443628343)","(274, 0.0013974153029097272)","(579, 0.0009204606750883427)","(581, 0.0003585161951886404)","(257, 0.0)","(21, 0.0)"
"(254, 0.00746768947559688)","(260, 0.007360357612012922)","(252, 0.007146954127891359)","(266, 0.0071245879141689575)","(258, 0.007041551157282805)","(271, 0.006820540382282186)","(279, 0.006657607022222055)","(263, 0.0065438975240541585)","(256, 0.006533027647282541)","(250, 0.0065265660164640785)","(6, 0.006326680405828337)","(265, 0.006185033508948811)","(261, 0.00607110254163148)","(253, 0.0059828584889462)","(262, 0.005935014256710272)","(2, 0.005867762741684659)","(572, 0.005865969993834345)","(259, 0.005794097263686417)","(249, 0.005735731020948404)","(277, 0.005630601852505163)","(257, 0.005628318032442368)","(576, 0.005602122510347761)","(4, 0.005548592892227329)","(559, 0.0054885155070075395)","(586, 0.005403512286155501)","(255, 0.005376722029003546)","(579, 0.005298771254266155)","(18, 0.00528156091692754)","(275, 0.0052476012822862935)","(273, 0.005205948283017998)","(278, 0.0051870129429976986)","(12, 0.005166859290408943)","(9, 0.005081220443553122)","(570, 0.0050726242878396)","(560, 0.005058081317105085)","(264, 0.005053615969069635)","(582, 0.0050525857987468205)","(272, 0.005035486197493917)","(577, 0.004995968789044778)","(568, 0.004965738945407103)","(561, 0.004944817948870385)","(267, 0.0049072593736570625)","(11, 0.004894252857483308)","(21, 0.004886283491231227)","(573, 0.004879467678553374)","(1, 0.0048574882921758366)","(575, 0.004832556661713056)","(274, 0.0048043305161613835)","(589, 0.0047948338743391645)","(8, 0.00478558456235114)","(268, 0.004772638739199024)","(3, 0.0047397828766383866)","(565, 0.004718911318937458)","(571, 0.004688026600247563)","(574, 0.004686992556327413)","(564, 0.004667555576456109)","(562, 0.004642930248347813)","(269, 0.0046350008967242975)","(566, 0.004634895853941798)","(10, 0.004628985417808807)","(588, 0.004618629856864685)","(25, 0.004607678816470582)","(16, 0.0045839998474742055)","(251, 0.00457696548667812)","(30, 0.0045658176399799)","(580, 0.004513724860766709)","(563, 0.004504868052305703)","(20, 0.004463866404666238)","(270, 0.004461563408384669)","(578, 0.004456854032187604)","(567, 0.004426601259539112)","(7, 0.004372269655476048)","(583, 0.004350214304442498)","(31, 0.004332892439461059)","(5, 0.004313745941074643)","(29, 0.0042963230743192325)","(569, 0.004293498642865535)","(13, 0.004251127350804128)","(14, 0.004102579112113747)","(585, 0.004083496940487699)","(587, 0.004007711716395226)","(581, 0.003944751149409667)","(26, 0.0037178929887590542)","(19, 0.003702199768660336)","(28, 0.0035266423732078886)","(24, 0.0034939398722805774)","(22, 0.0034357731130602413)","(23, 0.0033517692245171823)","(584, 0.0029817048805210484)","(276, 0.002571273295939087)","(15, 0.0005730052049423032)","(27, 0.00025828978529102305)","(17, 0.0)"
"(27, 0.02118177033382396)","(584, 0.011883815844620858)","(276, 0.008426632356169887)","(24, 0.005292170377983686)","(581, 0.004051195446164859)","(25, 0.0037116786994742814)","(583, 0.003630558190073893)","(28, 0.0023667249709264596)","(19, 0.002260124817911922)","(5, 0.0021381919781736816)","(2, 0.0020158202616639446)","(29, 0.0017211271462406188)","(26, 0.0016605993508212072)","(22, 0.0016141425048085015)","(257, 0.0015989639475094619)","(3, 0.0015941240571209824)","(30, 0.0015173632329800795)","(585, 0.0015105625330500158)","(579, 0.0014685087226702417)","(587, 0.001452173476565661)","(31, 0.0013912174240098545)","(563, 0.0013857394464537685)","(21, 0.0013831133862781584)","(16, 0.0013784751364203486)","(23, 0.0013776579456564145)","(589, 0.0013604365925394765)","(580, 0.0012975094126744923)","(14, 0.0012931161308798282)","(18, 0.0012677095323062825)","(20, 0.0012676341859436371)","(578, 0.0012310443460118352)","(565, 0.0012239122002538547)","(268, 0.0012079590515915643)","(582, 0.0011675984324701835)","(272, 0.0011553935930859827)","(278, 0.0011460267974908926)","(1, 0.001138430031495311)","(577, 0.0011380194078301036)","(10, 0.0011351198166234299)","(570, 0.0011132743417937413)","(572, 0.001105549371975785)","(9, 0.0010988551984356567)","(567, 0.0010969389695064463)","(561, 0.001070914551012984)","(8, 0.001055480984554522)","(270, 0.001005227275329155)","(588, 0.0010037647542802406)","(12, 0.000992698408188803)","(13, 0.0009768284220065004)","(7, 0.0009754334356665723)","(573, 0.0009739875380900219)","(574, 0.0009716668605538022)","(569, 0.0009481690466149818)","(274, 0.000919927719259478)","(269, 0.0009038546984711722)","(267, 0.0008967003751141554)","(575, 0.0008920493231037418)","(566, 0.0008745572489290486)","(560, 0.0008593917528676453)","(559, 0.0008500457471251518)","(571, 0.0008464815609790585)","(264, 0.0008432227958737173)","(265, 0.000842957412723967)","(277, 0.000822859391589075)","(568, 0.0008169227351897999)","(6, 0.0007936732661167797)","(11, 0.000792814053055493)","(576, 0.0007778797257038641)","(275, 0.000752014950600684)","(586, 0.0007364670799441714)","(261, 0.0007242506702115544)","(562, 0.000711583738120889)","(273, 0.0007032361908999577)","(259, 0.0006775034333721478)","(564, 0.0006629157122410837)","(251, 0.0006185408125735663)","(250, 0.0005986689289624521)","(249, 0.0005552877060245375)","(263, 0.00046955756484588947)","(255, 0.0004442556400464035)","(4, 0.00040716770234739384)","(279, 0.00038966290928031975)","(252, 0.000382201735470539)","(271, 0.0003750736659633343)","(262, 0.00031610806110000706)","(266, 0.0003043428472573001)","(253, 0.00028057464211167266)","(254, 0.00023422540851075914)","(15, 0.00020144272390743855)","(256, 0.0001806785229411247)","(260, 3.1237953829613796e-05)","(258, 0.0)","(17, 0.0)"
"(15, 0.02272399976449431)","(581, 0.002725014820595046)","(24, 0.0026717570806579576)","(583, 0.002628798259700119)","(20, 0.002283785857966914)","(19, 0.0021157548289995505)","(585, 0.0016899159899261638)","(22, 0.0014714973524278287)","(577, 0.0014151447352136165)","(274, 0.001387180961446067)","(25, 0.00136939096944144)","(14, 0.00128597285274503)","(23, 0.00124788867039395)","(30, 0.0012151561661324583)","(9, 0.0011749445089744466)","(31, 0.0011726557888665297)","(582, 0.0011681854167668322)","(272, 0.0011491620388164275)","(589, 0.0011385338508835448)","(276, 0.0011327578551342105)","(28, 0.0011114195322873153)","(580, 0.0011016906916438425)","(26, 0.0010968969506792653)","(3, 0.0010952172203382764)","(1, 0.0010877809612996954)","(12, 0.0010685090214192945)","(586, 0.0010430015643323849)","(268, 0.0010336261088286548)","(578, 0.0010192708188327877)","(588, 0.0010094359955812456)","(587, 0.000965369680896254)","(16, 0.0009565066653316911)","(579, 0.0009474983465480016)","(21, 0.0009424997665764856)","(11, 0.0009370055761361303)","(275, 0.0009324877614825036)","(8, 0.0009265881518308805)","(567, 0.0008626510191723036)","(4, 0.0008448007106752663)","(565, 0.0008375040165771292)","(566, 0.0008259127613334927)","(573, 0.0008180637053768637)","(278, 0.0008106828808456021)","(29, 0.0008104806326705357)","(561, 0.0007999820919508278)","(7, 0.0007984676306859161)","(10, 0.0007946256637371263)","(568, 0.0007718877318321286)","(5, 0.00076616677598973)","(6, 0.0007646270367870488)","(570, 0.0007579483178032497)","(574, 0.0007575513259540162)","(563, 0.0007450291417491034)","(18, 0.0007433543861649981)","(269, 0.0007353461118951344)","(584, 0.0007307225426145182)","(262, 0.0007297891863343829)","(571, 0.0006992591490039752)","(560, 0.000695468263593037)","(273, 0.0006830082771525419)","(559, 0.0006801492940055209)","(279, 0.0006386542574233989)","(576, 0.0006217537872705875)","(13, 0.0006213240579006555)","(2, 0.0006127937519152801)","(259, 0.0006118239001540538)","(261, 0.0005818197489433643)","(277, 0.000580773842963797)","(251, 0.0005775416770877785)","(257, 0.0005773591728336476)","(264, 0.0005754755755605849)","(572, 0.0005714363099857197)","(575, 0.0005677163344682388)","(271, 0.0005204230376650779)","(562, 0.0005181795407233393)","(564, 0.0004983482300837166)","(250, 0.0004926114754766152)","(263, 0.0004856452381318361)","(249, 0.0004195487619474533)","(253, 0.0004076645502075849)","(255, 0.0004038851169823492)","(569, 0.0003957115883225966)","(267, 0.00034285294519093153)","(270, 0.00033149151336590827)","(266, 0.0002285956169717138)","(256, 0.00016773811994357982)","(265, 0.00016436260000053283)","(252, 0.00015725993947901615)","(254, 8.248416332558593e-05)","(258, 2.324896136767178e-05)","(27, 0.0)","(260, 0.0)","(17, 0.0)"
"(17, 0.01739658320095648)","(22, 0.006389043084290486)","(23, 0.0052878959574040275)","(28, 0.004937956266877256)","(20, 0.003938694829299295)","(26, 0.003778906948359178)","(14, 0.003007342608109895)","(25, 0.002907339233408854)","(31, 0.0026515805113653053)","(585, 0.002630788743253576)","(30, 0.0026084650709272306)","(272, 0.0025801028752133995)","(24, 0.0023910518441252336)","(8, 0.0023397146883167735)","(19, 0.0023311955260660673)","(570, 0.0022211442052749056)","(578, 0.002201307522756164)","(270, 0.0021833510339113933)","(29, 0.002165037118126662)","(566, 0.0017761526927573183)","(587, 0.001769340258186911)","(568, 0.0016977139603194728)","(583, 0.001671401453402051)","(573, 0.0016660743887039896)","(10, 0.0015674347725126655)","(571, 0.0015573124694736409)","(3, 0.0015563845029097879)","(565, 0.0015376600971887797)","(575, 0.0015289113467054896)","(577, 0.0015287543707835037)","(27, 0.0015029265134112743)","(1, 0.0014997332715577232)","(13, 0.0014701066582419218)","(12, 0.0014607648727503184)","(9, 0.001455763570291194)","(563, 0.001436878264380294)","(560, 0.0014320313303025072)","(576, 0.0014191746818007132)","(589, 0.0014103241459039566)","(569, 0.0013995553254671114)","(11, 0.0013755838196269077)","(18, 0.0013731009283555172)","(580, 0.0013710687719825114)","(268, 0.0013650094717458088)","(572, 0.0013568232277569843)","(574, 0.0013269245856596197)","(562, 0.0013230269511826018)","(16, 0.0013186773886419568)","(567, 0.0012908229977134122)","(561, 0.0012753869243248255)","(564, 0.0012556876308521653)","(582, 0.001255257508401634)","(264, 0.0011915100262693248)","(5, 0.001162203486637104)","(274, 0.001146722294710365)","(7, 0.0011351657343807381)","(269, 0.0011137078284433645)","(267, 0.0010695783477043667)","(581, 0.0010532189386088205)","(21, 0.0010023679113763033)","(6, 0.0009929319979192894)","(559, 0.0009446752531638177)","(259, 0.000903697234446891)","(579, 0.0008987772843421998)","(586, 0.0008972260483184336)","(588, 0.0008636403586894494)","(278, 0.000849804132696635)","(251, 0.0008406447056742558)","(265, 0.0007197856944884734)","(2, 0.0007177599174109989)","(249, 0.0006545345635828006)","(15, 0.0006215743968630856)","(4, 0.0005296209171024059)","(275, 0.0005158110190784419)","(262, 0.0004696874618770935)","(273, 0.00044306546353608433)","(255, 0.0004283246081865834)","(261, 0.0004240190096238494)","(276, 0.0004094788224687248)","(257, 0.00039664070354919375)","(263, 0.00027958999842886526)","(277, 0.0002184998672368305)","(253, 8.149370016119835e-05)","(252, 5.7415778627110085e-05)","(584, 0.0)","(256, 0.0)","(254, 0.0)","(279, 0.0)","(250, 0.0)","(260, 0.0)","(258, 0.0)","(271, 0.0)","(266, 0.0)"
"(21, 0.043483422881462556)","(580, 0.042745587841939964)","(276, 0.04259204205005327)","(578, 0.04256841275995693)","(579, 0.042322242370825755)","(587, 0.04161451486021641)","(268, 0.04108388571567945)","(278, 0.04098187195596951)","(588, 0.040965092666864544)","(269, 0.040736144434510464)","(277, 0.04033138093056408)","(581, 0.03980398004599819)","(589, 0.039313538644528224)","(585, 0.03922191682159855)","(29, 0.03903903074940633)","(274, 0.03880822783611648)","(279, 0.038792414859053555)","(16, 0.038666339859851406)","(275, 0.038644902551608844)","(18, 0.03822603839936761)","(586, 0.03814544818659309)","(5, 0.038136452913694115)","(583, 0.03801474933722358)","(569, 0.037974631435942686)","(13, 0.03793333619747507)","(584, 0.03741311223295898)","(3, 0.03732572677699862)","(10, 0.03718299597442039)","(19, 0.03707387503310649)","(12, 0.03706841222237052)","(9, 0.036776664887775264)","(251, 0.03657171786457651)","(582, 0.03581032265288102)","(7, 0.035590356433111064)","(4, 0.03550121787436516)","(574, 0.03541657718887769)","(563, 0.03525926690932456)","(562, 0.0350898007209107)","(270, 0.034944924954207056)","(561, 0.03476191097725752)","(250, 0.034748010726087325)","(24, 0.03463613058583399)","(267, 0.03458266948630394)","(14, 0.03424438305979111)","(571, 0.034213183463617715)","(567, 0.033955763565367)","(11, 0.03381560921846156)","(560, 0.03377482687484244)","(564, 0.03376037347287087)","(565, 0.033694424639740386)","(264, 0.03367883867001672)","(575, 0.03367859566916588)","(31, 0.03366601384830283)","(566, 0.03365547999331653)","(20, 0.03365013122283837)","(6, 0.0335508064119415)","(573, 0.03354377999086974)","(28, 0.033487782900899286)","(2, 0.033156582440021086)","(273, 0.03308077313248651)","(27, 0.03305314556547559)","(568, 0.03297680425576846)","(570, 0.0327516397590081)","(249, 0.03258997916346443)","(1, 0.03255676338927071)","(559, 0.032114794351552886)","(23, 0.03178256663969663)","(15, 0.031655688770536004)","(257, 0.03165146080853605)","(26, 0.031646013477555905)","(22, 0.03147872464329953)","(253, 0.031441248247714645)","(8, 0.03141059304002777)","(30, 0.031092677834551868)","(572, 0.030685812432152328)","(271, 0.030357478966165988)","(261, 0.03010414139375137)","(256, 0.02974399111986063)","(577, 0.029587675338973354)","(259, 0.029535929513177468)","(576, 0.029522568904079057)","(17, 0.029172686189122325)","(25, 0.028935819466631877)","(255, 0.028701940504499323)","(266, 0.027427017321308315)","(272, 0.026984692732666384)","(263, 0.026959202472352055)","(260, 0.026591403076671405)","(252, 0.02648674946137486)","(258, 0.02640882395836375)","(254, 0.025294125871428923)","(262, 0.023880231571396703)","(265, 0.02312949823989706)"
"(273, 0.0323083761276345)","(258, 0.03187935179734526)","(263, 0.03033166510843277)","(275, 0.029522994034226962)","(277, 0.027412319032091455)","(253, 0.027390619644223502)","(256, 0.02679649751889484)","(255, 0.026235099214922734)","(268, 0.025763677899894897)","(262, 0.025151339358622533)","(265, 0.025120774461750955)","(254, 0.025039965961308086)","(252, 0.02501598518319469)","(271, 0.02490771919019337)","(260, 0.024823651989804775)","(266, 0.02480437514156836)","(274, 0.023019192466509568)","(279, 0.022110686481514978)","(250, 0.020604425839120907)","(257, 0.0195667674446818)","(261, 0.018429926560763508)","(267, 0.018018480487756956)","(586, 0.01718356942096993)","(278, 0.016939848542668)","(588, 0.01631347007505016)","(584, 0.01593069742797812)","(251, 0.015524494759300725)","(559, 0.015373353018495406)","(576, 0.015234685154680695)","(564, 0.014825711077597855)","(249, 0.014805145681295291)","(264, 0.014682306521748845)","(581, 0.01454329355735156)","(4, 0.014461133645043887)","(259, 0.01353126741142256)","(585, 0.013410061709483731)","(276, 0.013331898032968014)","(269, 0.013056083865716316)","(30, 0.012779679644831279)","(577, 0.011854733530452022)","(580, 0.011657515088120997)","(582, 0.01142876185748691)","(1, 0.011131607212051574)","(12, 0.010870567098344669)","(579, 0.010602692039895448)","(569, 0.010600766077526856)","(21, 0.010493037171696916)","(568, 0.010447848984929021)","(15, 0.010438875395734628)","(578, 0.010033354834297858)","(575, 0.009924850632751293)","(587, 0.009826171002614903)","(560, 0.009695991827662448)","(272, 0.009478696920356551)","(567, 0.009318532629243103)","(2, 0.009122686164806888)","(589, 0.008819003422882393)","(565, 0.008698178951649064)","(31, 0.008360979702993316)","(6, 0.008304774283870333)","(29, 0.00821100866874049)","(583, 0.008210795647948035)","(7, 0.008111469942263578)","(270, 0.008075723527942962)","(23, 0.007978327152277078)","(561, 0.007947847338060855)","(20, 0.007847924455679773)","(572, 0.007556756694580169)","(16, 0.00728811155650102)","(562, 0.0071807941585387254)","(574, 0.007166122079848378)","(571, 0.007093357087692916)","(11, 0.006202962470785638)","(14, 0.006125489044251561)","(3, 0.005854409938141136)","(563, 0.005609567415603573)","(9, 0.005312496200584636)","(570, 0.004684148666120264)","(5, 0.0044436720140611915)","(19, 0.0044157562024432035)","(573, 0.004029478290227677)","(22, 0.004015901671053218)","(566, 0.004006644563495325)","(24, 0.003218992595977981)","(26, 0.0029660243736565743)","(8, 0.0028878362653599185)","(13, 0.002286894368015343)","(17, 0.0022525805512846955)","(10, 0.002214230318538875)","(25, 0.0017362342218695344)","(27, 0.0009429999444368316)","(18, 0.0003850729613860217)","(28, 0.0)"
"(7, 0.03539091558273003)","(257, 0.035161539011744056)","(5, 0.03478203918673363)","(567, 0.029253751784620252)","(261, 0.02853388518343045)","(565, 0.02771157781304836)","(249, 0.027702018409095627)","(13, 0.026227576414458845)","(18, 0.026061644541053412)","(561, 0.025895157488305485)","(10, 0.025856811848349148)","(253, 0.023850014305405072)","(255, 0.023732309346073385)","(576, 0.02262487854406805)","(262, 0.02248968879997651)","(258, 0.02241198922741419)","(563, 0.022392434409988993)","(251, 0.022011649559328356)","(571, 0.021660517065394538)","(568, 0.021584468996093734)","(252, 0.021200771115956092)","(569, 0.021012390127717086)","(579, 0.02039494084342383)","(21, 0.020123112397996704)","(562, 0.019687730433306537)","(16, 0.019468223612821436)","(263, 0.019146802604845838)","(265, 0.018913586328146728)","(259, 0.01875867230356448)","(560, 0.017873356168410043)","(254, 0.017810516590997735)","(564, 0.017678624499107946)","(3, 0.01753629510696434)","(269, 0.017313170231064472)","(9, 0.01712431807202451)","(566, 0.01682684656721447)","(11, 0.016049219704357146)","(575, 0.015454120187013741)","(8, 0.015111176026520004)","(271, 0.014903741656896168)","(574, 0.0145629160665429)","(573, 0.014411979368802124)","(250, 0.014368556129837484)","(273, 0.013727773198880747)","(559, 0.013174586854318375)","(1, 0.01306938198434536)","(2, 0.012983152715451555)","(264, 0.012937374838176892)","(14, 0.01280654944396919)","(260, 0.012678188195380056)","(25, 0.012528471706000108)","(23, 0.012180840811033676)","(272, 0.012130116108457517)","(572, 0.012128353451555812)","(577, 0.012047881618112495)","(582, 0.012005572957847642)","(256, 0.01186330478646156)","(267, 0.011752228300287677)","(275, 0.011675190804160998)","(31, 0.010935041825761965)","(12, 0.010692682226432871)","(278, 0.010679360653416315)","(588, 0.010671277887200058)","(24, 0.0105859191878263)","(583, 0.010231317064618717)","(584, 0.01019931693170873)","(4, 0.01012342331591391)","(30, 0.01011547177258806)","(270, 0.010093304535687322)","(578, 0.010025166380841078)","(589, 0.009807823090601646)","(580, 0.009620814083632896)","(587, 0.009528373861239382)","(266, 0.009396165279800299)","(6, 0.009352364666953867)","(570, 0.009348430218150204)","(27, 0.009057123623983691)","(581, 0.008244945146433856)","(19, 0.00798675253788524)","(586, 0.007498706355448895)","(274, 0.007217287647929269)","(28, 0.007165388051168798)","(22, 0.006906262158260487)","(26, 0.0065621902750971255)","(17, 0.00592237469506957)","(20, 0.004603349796657983)","(277, 0.004526145765085921)","(585, 0.0044898236817227394)","(279, 0.004472906052749255)","(15, 0.003896086937614543)","(29, 0.0038402765809724083)","(268, 0.0015310095158011022)","(276, 0.0)"
"(260, 0.026628814360826217)","(276, 0.026014578304841024)","(266, 0.025279110915653952)","(267, 0.02471998602447177)","(270, 0.023578151640556055)","(572, 0.022630279653188513)","(256, 0.02173552659209548)","(562, 0.021279613976540237)","(573, 0.020174714415869967)","(566, 0.02007374145088698)","(8, 0.0199568600573047)","(19, 0.01960822929025171)","(564, 0.019510081970303066)","(17, 0.019258249003644205)","(569, 0.018025046942095092)","(571, 0.017828689374186798)","(575, 0.017522764743863672)","(254, 0.01713572056995357)","(570, 0.016926632262233)","(264, 0.01680794789201571)","(251, 0.016134967908748507)","(577, 0.016077284892135734)","(255, 0.016062673364131842)","(14, 0.016052459645441674)","(26, 0.01591747484235898)","(272, 0.01574901726392831)","(259, 0.015723424874013778)","(31, 0.01569229867334712)","(560, 0.015444529325055866)","(574, 0.015275853004632751)","(565, 0.014975804000291639)","(271, 0.014711020397312324)","(250, 0.014680667321717446)","(265, 0.014468810804060156)","(28, 0.01434390404654464)","(263, 0.014167039406351176)","(252, 0.013805929890807665)","(567, 0.01365840637872729)","(262, 0.013335078765378804)","(568, 0.012649539718738476)","(29, 0.012586104393080819)","(4, 0.012366242187655871)","(277, 0.012222148999891741)","(563, 0.012101093151195)","(16, 0.011812689425367482)","(13, 0.01155940278429351)","(6, 0.01151726934572062)","(22, 0.011334468244230029)","(561, 0.010883961303808408)","(20, 0.010538914621772639)","(2, 0.010437098653866082)","(11, 0.010416229870171007)","(576, 0.010403544409709592)","(3, 0.010250696024144643)","(261, 0.010168358912700647)","(559, 0.010111236917237856)","(253, 0.009741332611546069)","(279, 0.009390198421475855)","(23, 0.00912858751716242)","(9, 0.008927508517767874)","(24, 0.008593744925605063)","(25, 0.008580285971620295)","(30, 0.00856072354050447)","(269, 0.008194041670282474)","(258, 0.007948414507868502)","(7, 0.00782689155983607)","(1, 0.007565448966871432)","(249, 0.007440993721400152)","(12, 0.0074081996150167735)","(27, 0.007373584088924346)","(18, 0.0062181022708007435)","(10, 0.005860186331709831)","(582, 0.005613963166990638)","(586, 0.005390633778569572)","(589, 0.00475197724598694)","(5, 0.004687352943920981)","(273, 0.004520910140002718)","(275, 0.004425683084665396)","(588, 0.004423026108701565)","(578, 0.003703435655860612)","(268, 0.0033917825057019103)","(278, 0.0033453008631766567)","(15, 0.00272102121406993)","(587, 0.002628727085226806)","(580, 0.002587805402494703)","(585, 0.0022521667006437877)","(583, 0.0022169275780083856)","(584, 0.0019643473811897646)","(274, 0.0013974151175664383)","(579, 0.0009204607069094075)","(581, 0.00035851608082119974)","(257, 0.0)","(21, 0.0)"
"(264, 0.9937762950528248)","(560, 0.9913745125785469)","(278, 0.9880888558498407)","(568, 0.9873538740808604)","(575, 0.9871070633562233)","(271, 0.9864092279754965)","(258, 0.9854384041870656)","(260, 0.984599815981536)","(580, 0.9836161205081263)","(3, 0.9820964088525856)","(274, 0.9819622677220559)","(268, 0.9807185657502059)","(279, 0.9801661175537131)","(566, 0.9799458305749997)","(273, 0.9782879858216439)","(256, 0.9780479596075646)","(9, 0.9778978688987435)","(252, 0.9777716428520523)","(574, 0.9767428727032051)","(563, 0.9752365771782455)","(266, 0.972253040387114)","(588, 0.9720477935218413)","(576, 0.9712243774037599)","(578, 0.9705960935137369)","(263, 0.9693025668694997)","(10, 0.9686457413006454)","(4, 0.9665282657058824)","(270, 0.9657622678275466)","(259, 0.9656504662250556)","(587, 0.9640611949137109)","(573, 0.9589712535628252)","(250, 0.9582922168156498)","(254, 0.9572789097285128)","(249, 0.9551892112408169)","(571, 0.9519540492183278)","(19, 0.946911743568169)","(589, 0.9451121706340332)","(14, 0.9443617616670644)","(564, 0.9428869993830281)","(261, 0.9393140894959816)","(586, 0.9378569850328231)","(562, 0.936045251143436)","(12, 0.9359714142680452)","(581, 0.9348055347284153)","(262, 0.9335185032044316)","(267, 0.9321957728597138)","(275, 0.9319737828883214)","(255, 0.930962287766007)","(584, 0.9307990736727337)","(561, 0.9305126386592516)","(11, 0.9279672565914043)","(18, 0.9239256271825782)","(16, 0.9193349736384899)","(582, 0.9192221050541524)","(559, 0.9180738899548414)","(257, 0.9172607942152298)","(277, 0.9137426343529484)","(572, 0.9133521914210275)","(29, 0.9122029199291978)","(253, 0.9110006671536667)","(276, 0.9093548594528239)","(269, 0.9059252508759574)","(565, 0.9050749793493125)","(31, 0.9041625622541954)","(8, 0.9028152854500275)","(567, 0.8946516082193354)","(13, 0.8925382183857123)","(579, 0.8909109690212511)","(2, 0.8905438412771937)","(583, 0.8905240896497403)","(265, 0.8834050207806254)","(21, 0.8766764910791283)","(585, 0.8734532911682077)","(569, 0.8637782989549574)","(1, 0.8541353252274544)","(577, 0.8520352814884533)","(6, 0.8519525186064955)","(5, 0.8505131397013812)","(251, 0.8501534106329662)","(570, 0.8472560904682848)","(7, 0.84162404827291)","(24, 0.8215068736093668)","(23, 0.8073550582136714)","(30, 0.8049771961467979)","(28, 0.78686889217417)","(272, 0.7859199534804129)","(20, 0.7829228836916361)","(26, 0.7774281820302207)","(27, 0.7573109986322223)","(22, 0.7560143679777964)","(17, 0.7544486767839574)","(25, 0.7313007670915568)","(15, 0.7091798844054905)"
"(25, 0.6280625680496454)","(15, 0.6206237393339213)","(27, 0.6143688913939241)","(22, 0.6126965539603756)","(17, 0.6114891687402519)","(26, 0.5708680883713955)","(20, 0.5567491284887242)","(28, 0.5436804450497235)","(272, 0.5416366796070655)","(30, 0.48388711802716816)","(23, 0.47751371791026215)","(24, 0.44460479840847383)","(570, 0.35385381253884685)","(577, 0.34182228933493997)","(6, 0.3399906725367244)","(1, 0.3357956262661728)","(585, 0.2904071030445745)","(265, 0.2717850934715261)","(583, 0.24621261458469065)","(2, 0.24375359116545986)","(8, 0.21784085220692348)","(31, 0.2147581591325024)","(572, 0.19951479682178588)","(29, 0.19638693506113705)","(559, 0.18449097103327491)","(582, 0.18310292705112566)","(11, 0.16463744428539828)","(584, 0.15690475744752028)","(262, 0.1508779482766838)","(581, 0.14891274149438086)","(586, 0.14529512320343518)","(12, 0.137168085025634)","(14, 0.13261351051154424)","(589, 0.13136410531762774)","(254, 0.10593947344108758)","(19, 0.10390559760691814)","(573, 0.10135719085471658)","(259, 0.09836790785303431)","(4, 0.0926442039694051)","(576, 0.087552582028575)","(266, 0.0788501345992241)","(587, 0.07394193755931525)","(9, 0.07007893391517662)","(274, 0.06690054632094673)","(252, 0.05800177492925031)","(566, 0.05647849932608573)","(574, 0.055246997588664366)","(268, 0.05331371641235942)","(270, 0.0462645938604477)","(575, 0.044759452326533236)","(263, 0.04122771482886299)","(260, 0.040670940963311204)","(279, 0.037437122011459927)","(258, 0.03422315948564592)","(580, 0.03415146315370252)","(264, 0.03198917339175111)","(578, 0.03189907189170894)","(271, 0.030594941009810243)","(3, 0.029868998503538538)","(560, 0.02960737176245957)","(273, 0.027338588697335)","(278, 0.02319451535122745)","(256, 0.0222495133560293)","(568, 0.021893991647743135)","(588, 0.020784753926027882)","(10, 0.020511820285370335)","(563, 0.016158885638609975)","(18, 0.012750538118730696)","(571, 0.010440347204918692)","(275, 0.009467885303290215)","(249, 0.007856677272704279)","(250, 0.007463282500211518)","(276, 0.006756995180317063)","(561, 0.006690606430374567)","(255, 0.006472939046215516)","(13, 0.006472799143506918)","(16, 0.0063092278444374225)","(564, 0.005728654654369698)","(277, 0.0053178437009339646)","(261, 0.005237851520451751)","(7, 0.0051811906739291)","(562, 0.005111213450164282)","(251, 0.004989922342504025)","(569, 0.004925828657952866)","(5, 0.004924868655789234)","(267, 0.004880860205011445)","(257, 0.004813240342103635)","(21, 0.004553857746267929)","(567, 0.0045304301852346325)","(269, 0.004527779691519447)","(253, 0.004490238568859412)","(579, 0.004414279638226527)","(565, 0.0043314613770337245)"
"(7, 0.9802506448911149)","(5, 0.9656006685705972)","(251, 0.9603301830238902)","(569, 0.9433750403911493)","(579, 0.842671195116685)","(567, 0.8421757115945399)","(13, 0.8098222165719416)","(21, 0.8097807356800738)","(565, 0.8076931345119159)","(269, 0.8035970216952176)","(253, 0.7711584451348313)","(257, 0.7490133596639793)","(277, 0.7357243052113703)","(16, 0.7225473568983746)","(276, 0.7000947270271828)","(267, 0.6719078051269749)","(562, 0.663040186883973)","(561, 0.65536940917894)","(255, 0.6420762938365184)","(261, 0.6383563906141669)","(564, 0.6117167828277063)","(275, 0.6084812073541033)","(18, 0.5653810266707933)","(249, 0.5246472219756214)","(571, 0.5065958941161809)","(250, 0.5018532306854969)","(10, 0.3530017569678607)","(563, 0.33907519350810517)","(588, 0.32724563790998557)","(256, 0.274491408431759)","(578, 0.27427574960651974)","(273, 0.24630791863623064)","(263, 0.24158834321003034)","(270, 0.23205442969449683)","(568, 0.2187996643694495)","(3, 0.21314659322858992)","(278, 0.20777998637480483)","(580, 0.18039819430433013)","(279, 0.17879694747832914)","(271, 0.17218061120377054)","(258, 0.15226480978487694)","(560, 0.14614982318864847)","(260, 0.13135993229369824)","(587, 0.11534351961839517)","(264, 0.11203108787296619)","(574, 0.11072391701730695)","(19, 0.10811183286964837)","(23, 0.09988425531615072)","(268, 0.0988697680284852)","(30, 0.09706243165704019)","(575, 0.09703723543909341)","(252, 0.08875561044752901)","(24, 0.08781047319204303)","(570, 0.08772319415570792)","(6, 0.08686219664900761)","(272, 0.08623972166809603)","(1, 0.08546265332303504)","(566, 0.08323913888569867)","(577, 0.08311206169748653)","(28, 0.08173365456302734)","(20, 0.08157818923030491)","(26, 0.0669583508507907)","(585, 0.0622106656342518)","(12, 0.06192469923317999)","(265, 0.057942200154954125)","(262, 0.05706840416701568)","(266, 0.054806169406117475)","(583, 0.0532468914854096)","(2, 0.05152965031961885)","(22, 0.048183848117181544)","(27, 0.04735880592079487)","(17, 0.04357676254708438)","(8, 0.03970106381812611)","(31, 0.03885538572435895)","(572, 0.03390535028708356)","(254, 0.03195764681056935)","(581, 0.03006096094449261)","(11, 0.029272135417759658)","(29, 0.02857620871152182)","(586, 0.02796086004834714)","(573, 0.027501706163941576)","(25, 0.025624834500354608)","(9, 0.02510334136736419)","(274, 0.023682415501294077)","(559, 0.02090471097239975)","(14, 0.01841431614848578)","(584, 0.017630539079726407)","(582, 0.017053979666423857)","(589, 0.01613025419802494)","(15, 0.016096209071540697)","(576, 0.013182946351596156)","(4, 0.011810489120927808)","(259, 0.0)"
"(2, 0.4543011103145248)","(6, 0.45393818065534425)","(1, 0.45030640895421004)","(577, 0.44425376644102704)","(570, 0.4419210195371892)","(583, 0.43467395211196763)","(31, 0.4331801386516718)","(8, 0.4326200646529717)","(29, 0.4284260892251332)","(585, 0.427169867856826)","(559, 0.41674614042958547)","(582, 0.4095489554120155)","(265, 0.38934690155633167)","(584, 0.3887328487111531)","(572, 0.38765702876791946)","(11, 0.37369494430291805)","(581, 0.3564950382645802)","(12, 0.3459953359218614)","(586, 0.34034597547689033)","(23, 0.3366406189449868)","(14, 0.3323404260677998)","(24, 0.33014798471817214)","(589, 0.3279502668052924)","(30, 0.3239503911017552)","(262, 0.31867470214248556)","(573, 0.2784176896853339)","(19, 0.2731635779380351)","(254, 0.27218316501721984)","(259, 0.25795175330730324)","(4, 0.25547926051602177)","(272, 0.24138099480050154)","(28, 0.23307386390198892)","(576, 0.22076420538807678)","(20, 0.21810171977791537)","(587, 0.20844383827880267)","(9, 0.20133414699098987)","(266, 0.18626862914714878)","(26, 0.17540558751143343)","(274, 0.17377978626164745)","(252, 0.1522351601334802)","(566, 0.1507849429236565)","(574, 0.14877863148063067)","(268, 0.13545463790954315)","(270, 0.1248380196365813)","(575, 0.10592793921826273)","(263, 0.09707373410308771)","(260, 0.09516626409502904)","(279, 0.09417996689849953)","(22, 0.09354635354113044)","(27, 0.09167144215499023)","(17, 0.08562838182033161)","(7, 0.08387975392318159)","(258, 0.0822452151876916)","(578, 0.07851038881937439)","(580, 0.07760849052172293)","(5, 0.0770365603499778)","(251, 0.07618444125899436)","(569, 0.06877183692973671)","(264, 0.06848577333291474)","(3, 0.06533628573804125)","(271, 0.06165429862363406)","(560, 0.058649862248253075)","(13, 0.055755203324563705)","(273, 0.05511202768124808)","(579, 0.04395214837828194)","(567, 0.04260262687232717)","(21, 0.04210564218542441)","(18, 0.042014362060929705)","(10, 0.04081718165534501)","(278, 0.04039275714522083)","(588, 0.03952711960364434)","(256, 0.037771192808701025)","(568, 0.03624011950685855)","(565, 0.03297663205668887)","(276, 0.03226604707081178)","(16, 0.03196301089165321)","(269, 0.03188014195764767)","(275, 0.028637631263120387)","(277, 0.02738943578177488)","(25, 0.025005760136934275)","(561, 0.024920052446311056)","(253, 0.024773793782812293)","(563, 0.021875556757062365)","(257, 0.020730908974741065)","(571, 0.01957993234983331)","(255, 0.01661034869730469)","(562, 0.010563677118184968)","(267, 0.008981243281064828)","(564, 0.005912621316442719)","(261, 0.0033954373850838865)","(249, 0.0010468703989165607)","(250, 0.0)","(15, 0.0)"
"(566, 0.9561308781900087)","(559, 0.9528490900299804)","(6, 0.9520586319732068)","(8, 0.9520583505679079)","(268, 0.9495253298745452)","(570, 0.949195085804463)","(580, 0.9485526631951963)","(582, 0.9474263973353246)","(278, 0.944143160861722)","(14, 0.9434683002929792)","(574, 0.9431093826248051)","(588, 0.9417253097294594)","(563, 0.9398128666777507)","(575, 0.9370546811663623)","(274, 0.935227024024832)","(259, 0.9340021928705826)","(2, 0.9337129621059505)","(9, 0.9330041979512935)","(564, 0.9317366238084147)","(277, 0.931608161305379)","(573, 0.9271670908085464)","(587, 0.9221322602838039)","(589, 0.922015695821252)","(269, 0.9198998998518388)","(586, 0.9196494665420898)","(560, 0.9160844890212326)","(270, 0.9132454908187548)","(581, 0.9132433032279286)","(279, 0.9122032581495083)","(273, 0.9121325346979183)","(258, 0.9101231981547468)","(264, 0.9094245721742283)","(576, 0.9068257570367916)","(11, 0.9046893286760334)","(577, 0.9039916631284713)","(253, 0.9021774080652099)","(256, 0.9016475736950801)","(255, 0.8996096370211188)","(251, 0.896287524575351)","(578, 0.8956875652803928)","(267, 0.8945609890424489)","(568, 0.8944982573815667)","(583, 0.8930167850366052)","(571, 0.8920038090063467)","(12, 0.8903965862416556)","(4, 0.8885533867323879)","(275, 0.8870704928612275)","(584, 0.8863258211987718)","(271, 0.8847814718568263)","(262, 0.8836269282431453)","(19, 0.8789056215671429)","(3, 0.8785973712677514)","(562, 0.878056593907515)","(29, 0.8765802423756012)","(254, 0.8755196730247193)","(567, 0.8743119589561589)","(266, 0.8723894742717724)","(250, 0.8698484954559896)","(569, 0.8606211484179339)","(10, 0.8563220024923016)","(16, 0.8515643059073824)","(572, 0.8514441970083295)","(585, 0.8449398414616961)","(276, 0.8414882607424559)","(260, 0.8405217655374738)","(263, 0.8369340141783551)","(252, 0.8305258893441113)","(31, 0.8279765194403619)","(13, 0.8190683331291434)","(261, 0.8116995886660103)","(265, 0.8107105913977077)","(257, 0.8082118392810876)","(5, 0.8051426995642681)","(7, 0.804832149191977)","(249, 0.7869800282461712)","(565, 0.7779234906419457)","(28, 0.7772182352109436)","(561, 0.7652728055771862)","(24, 0.7642394559048137)","(21, 0.7582841956764147)","(20, 0.7383133241304101)","(1, 0.7051299733188859)","(25, 0.7022455645910685)","(272, 0.6976937660386231)","(30, 0.6947352843157905)","(579, 0.6926021165018171)","(18, 0.6869650179977649)","(22, 0.6538241089788527)","(27, 0.6154051506980818)","(23, 0.5849499490379436)","(26, 0.5690191661204869)","(17, 0.5536480279506706)","(15, 0.4547854225505267)"
"(17, 0.7099840926087111)","(26, 0.7073399819852824)","(23, 0.6903940640651693)","(22, 0.6717723367959763)","(15, 0.6687411618946145)","(27, 0.6510241947981171)","(1, 0.6333541491784802)","(272, 0.629739523827985)","(25, 0.6236553360257546)","(30, 0.6167312245374773)","(20, 0.5909092385890857)","(28, 0.5260886581890467)","(24, 0.5083240166733127)","(31, 0.4736056319134937)","(585, 0.4104433089840673)","(265, 0.4056960635131681)","(29, 0.40424198164331127)","(276, 0.38878230782705464)","(4, 0.37318554490731665)","(19, 0.36094225436434346)","(584, 0.34454051505549915)","(11, 0.342224090376095)","(12, 0.32612051064107733)","(577, 0.2850966268967496)","(2, 0.2671255397323503)","(587, 0.26287962953137056)","(586, 0.24658443991004475)","(581, 0.2433605342191145)","(262, 0.23613397451340537)","(274, 0.21876869183305084)","(559, 0.19707115444249956)","(14, 0.17636448576373523)","(273, 0.17425627361773957)","(279, 0.17320574415439782)","(574, 0.16944414711682634)","(582, 0.1484695675044415)","(570, 0.13871473821925434)","(583, 0.13380813483784654)","(270, 0.1322556380095166)","(566, 0.12821860560167628)","(588, 0.12535839331859103)","(258, 0.12310781939644488)","(278, 0.12139929520958778)","(8, 0.121112762624621)","(578, 0.11574033346449214)","(256, 0.11279782953798893)","(268, 0.10866102940924452)","(575, 0.10745937269149355)","(275, 0.10690402942602238)","(277, 0.10418448246092339)","(589, 0.10208986642171762)","(580, 0.09517048917266722)","(6, 0.092593716410471)","(255, 0.06672756137870503)","(576, 0.06345839242880573)","(573, 0.06241656499699664)","(259, 0.060604733991180555)","(563, 0.05730647577185936)","(564, 0.05385433028316219)","(9, 0.05175478003960293)","(253, 0.04773957864530784)","(3, 0.044519061614007135)","(13, 0.0403086581333662)","(266, 0.03587394328107712)","(560, 0.03405925323797886)","(10, 0.03350335903045299)","(18, 0.030905116589318268)","(16, 0.029656711010990155)","(264, 0.026837075306053313)","(254, 0.02678390436739521)","(21, 0.026367361385783866)","(271, 0.026311052976022764)","(267, 0.02517951452402234)","(269, 0.024915387035881774)","(579, 0.024865221656546373)","(571, 0.024498373690715305)","(572, 0.024360938847615407)","(568, 0.024304560244080457)","(561, 0.023377787259359885)","(5, 0.02150261438607247)","(567, 0.019509983723249146)","(263, 0.01733213234318185)","(250, 0.014709303841123058)","(7, 0.013959909248311841)","(251, 0.013326256646530142)","(562, 0.012919289776780026)","(565, 0.012411247660762752)","(569, 0.009610018076083082)","(261, 0.005309478709752657)","(260, 0.002331780724112865)","(249, 0.0006720774980594272)","(257, 8.634523117407899e-05)","(252, 0.0)"
"(18, 0.9169378176148454)","(579, 0.8996146377500264)","(561, 0.8757378316667335)","(565, 0.824425994360601)","(21, 0.8054307067252284)","(13, 0.793532569526682)","(5, 0.7922006780545434)","(7, 0.7895095778769514)","(249, 0.7667211500498562)","(261, 0.7429386364007986)","(257, 0.721345243561656)","(16, 0.7094817670948843)","(10, 0.7021048062401025)","(3, 0.6346344524961398)","(567, 0.5751796597284233)","(572, 0.5677929998289452)","(569, 0.5573587217593268)","(568, 0.5556703745743282)","(562, 0.535373271977896)","(571, 0.5132924335494958)","(252, 0.5095554083857139)","(260, 0.4880863964064053)","(263, 0.46864776752027976)","(251, 0.45446895323592934)","(578, 0.4519594545465175)","(583, 0.4399692649811919)","(264, 0.4225797925155559)","(270, 0.4010966162155997)","(269, 0.3923341482293266)","(589, 0.3903251101944016)","(560, 0.38650623345110907)","(9, 0.3806704998751468)","(250, 0.3579970482939858)","(563, 0.3574759742407445)","(573, 0.3555130135501904)","(267, 0.3554315360282104)","(271, 0.2874461951561306)","(266, 0.28062733919016025)","(564, 0.2693374899302694)","(580, 0.2686091211467104)","(254, 0.2679843213901095)","(576, 0.261029800982975)","(6, 0.23133616163279655)","(259, 0.20834162149227456)","(15, 0.20770306361904273)","(27, 0.20141439443119674)","(575, 0.20004080051111106)","(268, 0.19708355770104374)","(17, 0.19556912083086186)","(279, 0.19307531642664053)","(253, 0.19160544629588114)","(26, 0.18895467180859263)","(255, 0.17557858041494803)","(8, 0.17267136075115438)","(570, 0.1714608349099463)","(23, 0.17081804122331828)","(581, 0.16820395412760678)","(277, 0.16391766256502224)","(24, 0.1591114385850269)","(275, 0.1583369803026304)","(566, 0.15365925197370173)","(574, 0.1505043806080057)","(276, 0.14786805194534297)","(278, 0.14405955046839786)","(22, 0.13987295556604484)","(12, 0.1381369370856575)","(582, 0.13724225276924484)","(588, 0.13546062791930247)","(14, 0.12852335597332498)","(19, 0.11969946257441914)","(587, 0.11458266446776687)","(25, 0.10896571393790486)","(584, 0.10779494112115272)","(272, 0.10671946101763538)","(1, 0.10531394385814062)","(30, 0.10344279952865028)","(256, 0.0961779674824058)","(258, 0.08523873965609106)","(20, 0.07613024990848918)","(28, 0.0735156803142126)","(585, 0.055505803926863904)","(577, 0.045073327875864024)","(2, 0.04365140519710324)","(273, 0.04151987090797756)","(559, 0.03714867220568279)","(11, 0.0329231541899465)","(265, 0.03203556123489913)","(262, 0.02777277015438502)","(31, 0.019859510328220416)","(274, 0.019642869198389895)","(586, 0.017958730046348896)","(29, 0.010105604323541323)","(4, 0.0)"
"(266, 0.3911188334338762)","(254, 0.39010105608393986)","(271, 0.3707070482947957)","(250, 0.36445435156885886)","(255, 0.3628044772597731)","(253, 0.3615697391005475)","(275, 0.3531612368806188)","(252, 0.3434548392837557)","(260, 0.34180866601375115)","(256, 0.33630761727696107)","(263, 0.3313298479536845)","(267, 0.31891530333170465)","(258, 0.30558870494661683)","(576, 0.28137129724612103)","(569, 0.2765906720459443)","(262, 0.2672233009765015)","(273, 0.2668705541975044)","(257, 0.2618106624727969)","(259, 0.2600759615594045)","(251, 0.2595543352306018)","(572, 0.2562164527747679)","(249, 0.25574820255420405)","(15, 0.25238020958431784)","(562, 0.24431454982625647)","(17, 0.2359203724927281)","(261, 0.23336366239417097)","(277, 0.23137460778802277)","(564, 0.23070465893247807)","(26, 0.2293350215963622)","(264, 0.21850881449484721)","(23, 0.2174823340995627)","(560, 0.21557043294820677)","(269, 0.20528564510118755)","(565, 0.20019614463666738)","(265, 0.19940813819436576)","(27, 0.19924380052118335)","(567, 0.19690773946459378)","(7, 0.19043928038728725)","(571, 0.19020612385852018)","(22, 0.18081079030421138)","(588, 0.17395866838306442)","(575, 0.16981934298461512)","(278, 0.16968385433238314)","(30, 0.16357798060997372)","(272, 0.1579468998985085)","(568, 0.1528818548774136)","(1, 0.15110050678647285)","(573, 0.15108498038363236)","(25, 0.14844042019200815)","(5, 0.14720347774983392)","(579, 0.1470094032309733)","(586, 0.14692703064829082)","(279, 0.14504238202742473)","(561, 0.14105833889874997)","(274, 0.13589409926550275)","(21, 0.13426022046326178)","(20, 0.12796353564094726)","(268, 0.12676409285055498)","(9, 0.12089301800885908)","(18, 0.11697140652711864)","(8, 0.11666262392854959)","(6, 0.11596531324021929)","(577, 0.11456543962458975)","(563, 0.11203716995840604)","(566, 0.1111333350226576)","(582, 0.10974308393164632)","(559, 0.10624865120258394)","(16, 0.10542404463351472)","(28, 0.10484198357829554)","(570, 0.10185185526122877)","(14, 0.09945496553402665)","(31, 0.09401336466505623)","(10, 0.09062581388428508)","(24, 0.08883988277299122)","(580, 0.08806494156640121)","(585, 0.08314623640309828)","(574, 0.07776240122484206)","(4, 0.07546381130502676)","(3, 0.07028957501857848)","(2, 0.06466201641978883)","(13, 0.06271504076005241)","(581, 0.0540150044460206)","(29, 0.05160376278081962)","(11, 0.048421321693209035)","(276, 0.04708197741283722)","(584, 0.038511811810986445)","(589, 0.03837131763628628)","(583, 0.03270724718364423)","(19, 0.02596202530996541)","(587, 0.02516146053329594)","(270, 0.016074322942991267)","(578, 0.006885664152410371)","(12, 0.0)"
